700001,700013,700027,700033,700057,700067,700079,700081,700087,700099,700103,700109,700121,700123,700127,700129,700171,700199,700201,700211,700223,700229,700237,700241,700277,700279,700291,700303,700307,700313,700319,700331,700333,700339,700361,700363,700367,700387,700391,700393,700409,700423,700429,700433,700439,700459,700471,700499,700517,700523
700537,700547,700559,700561,700571,700573,700577,700589,700591,700597,700613,700627,700633,700639,700643,700657,700673,700681,700703,700717,700751,700759,700781,700789,700793,700801,700811,700831,700837,700849,700867,700871,700877,700883,700897,700907,700919,700933,700937,700949,700963,700993,701009,701011,701023,701027,701033,701047,701083,701089
701111,701117,701147,701159,701177,701179,701209,701219,701221,701227,701237,701257,701263,701269,701273,701279,701291,701299,701321,701329,701341,701357,701359,701377,701383,701399,701401,701411,701413,701417,701419,701429,701443,701447,701453,701473,701479,701489,701497,701507,701509,701513,701527,701531,701549,701579,701581,701593,701609,701611
701621,701627,701629,701639,701653,701669,701671,701677,701681,701699,701711,701719,701731,701741,701759,701761,701783,701791,701801,701807,701819,701837,701863,701881,701893,701903,701951,701957,701963,701969,702007,702011,702017,702019,702067,702071,702077,702101,702103,702113,702127,702131,702137,702139,702157,702173,702179,702193,702199,702203
702209,702211,702239,702257,702269,702281,702283,702311,702313,702323,702329,702337,702341,702347,702349,702353,702379,702391,702407,702413,702431,702433,702439,702451,702463,702469,702497,702503,702511,702517,702523,702529,702539,702551,702557,702587,702589,702599,702607,702613,702619,702623,702643,702649,702671,702679,702683,702701,702707,702721
702731,702733,702743,702773,702787,702799,702803,702809,702817,702827,702839,702847,702851,702853,702869,702881,702887,702893,702901,702913,702929,702937,702953,702983,702991,703009,703013,703033,703039,703081,703091,703117,703121,703123,703127,703139,703141,703169,703177,703187,703193,703211,703217,703223,703229,703231,703243,703249,703253,703267
703277,703289,703301,703309,703321,703327,703331,703349,703357,703379,703393,703403,703411,703441,703447,703459,703463,703471,703489,703499,703529,703531,703537,703559,703561,703583,703597,703603,703621,703631,703643,703657,703663,703673,703679,703687,703691,703697,703699,703709,703711,703721,703733,703751,703753,703763,703771,703789,703819,703837
703841,703849,703853,703861,703873,703883,703889,703891,703897,703903,703907,703943,703949,703957,703981,703991,704003,704009,704017,704023,704027,704029,704059,704069,704087,704101,704111,704117,704129,704131,704141,704153,704161,704173,704177,704183,704189,704203,704213,704219,704233,704243,704251,704267,704269,704279,704281,704287,704299,704303
704309,704321,704357,704393,704399,704419,704441,704447,704449,704453,704461,704471,704477,704479,704491,704507,704521,704527,704549,704551,704567,704569,704579,704581,704593,704597,704603,704609,704617,704647,704657,704663,704681,704687,704689,704707,704713,704719,704731,704747,704761,704771,704777,704779,704783,704797,704801,704807,704819,704827
704833,704839,704849,704857,704861,704863,704867,704897,704923,704929,704933,704941,704947,704983,704987,704989,704993,704999,705011,705013,705017,705031,705043,705053,705073,705079,705083,705097,705113,705119,705127,705137,705149,705151,705161,705163,705167,705169,705181,705191,705197,705209,705239,705247,705259,705269,705277,705293,705307,705311
705317,705319,705359,705371,705379,705389,705403,705409,705421,705427,705431,705437,705461,705469,705473,705491,705493,705499,705511,705521,705533,705539,705547,705559,705563,705613,705631,705637,705643,705647,705671,705689,705713,705737,705751,705763,705769,705779,705781,705787,705791,705821,705827,705829,705833,705841,705863,705871,705877,705883
705899,705917,705919,705937,705941,705949,705967,705973,705977,705989,706001,706003,706009,706019,706033,706039,706049,706051,706067,706099,706109,706117,706133,706141,706151,706157,706159,706177,706183,706193,706201,706207,706213,706229,706253,706267,706283,706291,706297,706301,706309,706313,706327,706337,706351,706357,706369,706373,706403,706417
706427,706463,706481,706487,706499,706507,706523,706547,706549,706561,706597,706603,706609,706613,706621,706631,706633,706637,706661,706669,706679,706691,706703,706709,706711,706729,706733,706747,706751,706753,706757,706763,706777,706787,706789,706793,706801,706829,706837,706841,706847,706873,706883,706897,706907,706913,706919,706921,706939,706943
706957,706961,706969,706973,706987,706999,707011,707023,707027,707029,707053,707059,707071,707087,707099,707111,707117,707131,707137,707143,707153,707159,707171,707177,707191,707197,707219,707249,707261,707279,707293,707299,707309,707321,707323,707341,707359,707383,707401,707407,707419,707429,707431,707437,707449,707459,707467,707471,707501,707527
707543,707561,707563,707573,707593,707611,707627,707633,707647,707653,707669,707671,707677,707683,707689,707711,707717,707723,707747,707753,707767,707789,707797,707801,707813,707827,707831,707849,707851,707857,707869,707873,707887,707893,707911,707923,707929,707933,707939,707951,707953,707957,707969,707981,707983,708007,708011,708017,708023,708031
708041,708047,708049,708053,708061,708079,708091,708107,708109,708119,708131,708137,708139,708161,708163,708179,708199,708221,708223,708229,708251,708269,708283,708287,708293,708307,708311,708329,708343,708347,708353,708359,708361,708371,708403,708437,708457,708473,708479,708481,708493,708497,708517,708523,708527,708559,708563,708569,708583,708593
708599,708601,708613,708641,708647,708667,708677,708689,708703,708727,708733,708739,708751,708797,708803,708811,708817,708821,708823,708839,708853,708857,708859,708893,708899,708907,708913,708923,708937,708943,708959,708971,708979,708989,708991,708997,709043,709057,709073,709081,709097,709109,709117,709123,709133,709139,709141,709147,709151,709153
709157,709201,709211,709217,709229,709231,709237,709243,709271,709273,709279,709283,709307,709309,709321,709337,709349,709351,709367,709381,709399,709409,709411,709417,709421,709433,709439,709447,709451,709453,709459,709469,709493,709507,709519,709531,709537,709547,709561,709589,709603,709607,709609,709637,709649,709651,709663,709673,709679,709691
709693,709703,709721,709729,709739,709741,709759,709769,709777,709781,709789,709799,709811,709817,709823,709831,709843,709847,709853,709861,709867,709871,709879,709883,709901,709909,709913,709921,709927,709957,709963,709967,709981,709991,710009,710023,710027,710051,710053,710077,710081,710089,710113,710119,710167,710173,710189,710207,710219,710221
710233,710249,710257,710261,710273,710279,710287,710293,710299,710321,710323,710327,710341,710351,710357,710371,710377,710383,710387,710389,710393,710399,710441,710443,710449,710453,710459,710461,710473,710477,710483,710491,710503,710513,710519,710527,710531,710533,710557,710561,710569,710573,710599,710603,710609,710621,710623,710627,710641,710663
710681,710683,710693,710713,710741,710767,710777,710779,710791,710797,710813,710837,710839,710849,710851,710863,710867,710869,710873,710887,710903,710909,710911,710917,710929,710933,710951,710959,710971,710977,710987,710989,711001,711013,711017,711019,711023,711041,711043,711049,711089,711097,711121,711131,711133,711143,711163,711173,711181,711187
711197,711209,711223,711241,711247,711259,711287,711289,711299,711307,711311,711317,711323,711329,711353,711371,711383,711397,711401,711409,711427,711437,711463,711479,711497,711499,711509,711517,711523,711527,711539,711563,711577,711583,711589,711617,711619,711629,711647,711649,711653,711679,711691,711701,711707,711709,711713,711727,711731,711743
711749,711751,711757,711793,711803,711811,711817,711829,711839,711847,711859,711877,711881,711889,711899,711901,711913,711923,711929,711937,711947,711959,711967,711973,711983,712001,712007,712021,712031,712051,712067,712069,712073,712091,712093,712109,712111,712121,712133,712141,712157,712169,712171,712183,712193,712199,712207,712219,712237,712259
712273,712279,712289,712301,712303,712319,712321,712331,712337,712339,712357,712399,712403,712409,712417,712421,712423,712427,712429,712433,712441,712447,712463,712469,712477,712483,712489,712493,712499,712507,712511,712529,712531,712561,712571,712573,712577,712601,712603,712631,712651,712669,712681,712687,712693,712697,712711,712717,712729,712739
712741,712753,712763,712781,712787,712807,712819,712837,712841,712843,712847,712883,712889,712891,712909,712913,712919,712927,712939,712951,712961,712967,712973,712981,713021,713039,713057,713059,713071,713077,713087,713107,713117,713129,713147,713149,713159,713171,713177,713179,713183,713189,713191,713227,713231,713233,713239,713243,713261,713267
713281,713287,713309,713311,713329,713333,713347,713351,713353,713357,713381,713387,713389,713399,713407,713411,713417,713423,713467,713477,713491,713497,713501,713509,713533,713549,713563,713569,713579,713597,713599,713611,713627,713641,713653,713663,713681,713701,713707,713729,713737,713743,713747,713749,713753,713771,713803,713807,713809,713827
713831,713833,713861,713863,713873,713891,713903,713917,713927,713939,713941,713957,713981,713987,714029,714037,714053,714061,714073,714089,714107,714113,714139,714143,714151,714163,714167,714169,714199,714223,714227,714247,714253,714257,714283,714319,714341,714347,714349,714361,714377,714379,714401,714409,714437,714443,714463,714479,714481,714487
714491,714503,714509,714517,714521,714523,714529,714551,714557,714559,714563,714569,714577,714601,714607,714613,714619,714631,714641,714661,714673,714677,714691,714719,714739,714751,714773,714781,714787,714797,714809,714827,714839,714841,714851,714853,714869,714881,714887,714893,714907,714911,714919,714929,714941,714943,714947,714949,714971,714977
714983,714991,714997,715019,715031,715049,715061,715063,715067,715069,715073,715087,715109,715123,715147,715151,715153,715157,715159,715171,715189,715193,715223,715229,715237,715243,715249,715259,715279,715283,715289,715301,715303,715313,715333,715339,715357,715361,715373,715381,715397,715399,715417,715423,715427,715439,715441,715453,715457,715487
715489,715499,715523,715531,715537,715549,715567,715571,715577,715579,715613,715621,715639,715643,715651,715657,715667,715679,715681,715699,715703,715721,715727,715739,715753,715769,715777,715789,715801,715811,715817,715823,715843,715849,715859,715867,715873,715877,715879,715889,715903,715909,715919,715927,715931,715933,715943,715961,715963,715969
715973,715991,715997,715999,716003,716017,716033,716063,716071,716087,716101,716113,716117,716119,716123,716137,716141,716143,716161,716171,716173,716237,716249,716257,716279,716291,716299,716321,716333,716341,716351,716369,716371,716377,716383,716389,716399,716411,716413,716447,716449,716453,716459,716467,716477,716479,716483,716491,716501,716531
716543,716549,716563,716581,716587,716591,716593,716621,716629,716633,716659,716663,716671,716687,716693,716707,716713,716731,716741,716743,716747,716753,716783,716789,716809,716819,716827,716843,716857,716861,716867,716869,716879,716897,716899,716917,716923,716929,716951,716953,716957,716959,716977,716981,716987,716993,717001,717011,717047,717053
717089,717091,717103,717109,717113,717127,717133,717139,717149,717151,717161,717181,717187,717191,717217,717229,717259,717271,717289,717293,717317,717323,717331,717341,717359,717389,717397,717413,717419,717427,717443,717449,717463,717481,717491,717511,717523,717527,717529,717533,717539,717551,717559,717569,717571,717581,717583,717589,717593,717631
717641,717653,717659,717667,717679,717683,717697,717719,717751,717781,717797,717803,717811,717817,717823,717833,717841,717851,717883,717887,717901,717907,717917,717919,717923,717947,717949,717967,717973,717979,717989,718007,718021,718043,718049,718051,718061,718079,718087,718093,718103,718117,718121,718139,718163,718169,718171,718183,718187,718217
718231,718241,718259,718271,718297,718303,718321,718331,718337,718343,718349,718357,718379,718381,718387,718391,718411,718423,718427,718433,718453,718457,718463,718477,718481,718483,718493,718507,718511,718513,718541,718547,718559,718579,718603,718621,718633,718643,718657,718661,718691,718699,718703,718717,718723,718741,718747,718759,718787,718801
718807,718813,718841,718847,718849,718871,718889,718891,718897,718901,718919,718931,718937,718943,718951,718967,718969,718973,718999,719009,719011,719023,719027,719039,719041,719057,719063,719071,719077,719087,719101,719119,719143,719149,719153,719167,719177,719179,719183,719189,719197,719203,719227,719237,719239,719267,719281,719297,719309,719333
719339,719351,719353,719357,719377,719393,719399,719413,719419,719431,719437,719441,719447,719483,719489,719501,719503,719533,719557,719567,719569,719573,719597,719599,719633,719639,719651,719657,719659,719671,719681,719683,719689,719699,719713,719717,719723,719731,719749,719753,719767,719773,719779,719791,719801,719813,719821,719833,719839,719843
719893,719897,719903,719911,719941,719947,719951,719959,719981,719989,720007,720017,720019,720023,720053,720059,720077,720079,720089,720091,720101,720127,720133,720151,720173,720179,720193,720197,720211,720221,720229,720241,720253,720257,720259,720263,720281,720283,720287,720289,720299,720301,720311,720319,720359,720361,720367,720373,720397,720403
720407,720413,720439,720457,720479,720481,720491,720497,720509,720527,720539,720547,720553,720569,720571,720581,720607,720611,720617,720619,720653,720661,720667,720673,720677,720683,720697,720701,720703,720743,720761,720763,720767,720773,720779,720791,720793,720799,720829,720847,720857,720869,720877,720887,720899,720901,720913,720931,720943,720947
720961,720971,720983,720991,720997,721003,721009,721013,721037,721043,721051,721057,721079,721087,721099,721109,721111,721117,721129,721139,721141,721151,721159,721163,721169,721177,721181,721199,721207,721213,721219,721223,721229,721243,721247,721261,721267,721283,721291,721307,721319,721321,721333,721337,721351,721363,721379,721381,721387,721397
721421,721423,721439,721451,721453,721481,721493,721499,721529,721543,721547,721561,721571,721577,721597,721603,721613,721619,721621,721631,721661,721663,721681,721687,721697,721703,721709,721733,721739,721771,721783,721793,721801,721811,721817,721843,721849,721859,721883,721891,721909,721921,721937,721949,721951,721961,721979,721991,721997,722003
722011,722023,722027,722047,722053,722063,722069,722077,722089,722093,722119,722123,722147,722149,722153,722159,722167,722173,722201,722213,722221,722237,722243,722257,722261,722263,722273,722287,722291,722299,722311,722317,722321,722329,722333,722341,722353,722363,722369,722377,722387,722389,722411,722417,722429,722431,722441,722459,722467,722471
722473,722479,722489,722507,722509,722521,722537,722539,722563,722581,722587,722597,722599,722611,722633,722639,722663,722669,722677,722699,722713,722723,722731,722737,722749,722753,722783,722791,722797,722807,722819,722833,722849,722879,722881,722899,722903,722921,722923,722933,722963,722971,722977,722983,723029,723031,723043,723049,723053,723067
723071,723089,723101,723103,723109,723113,723119,723127,723133,723157,723161,723167,723169,723181,723193,723209,723221,723227,723253,723257,723259,723263,723269,723271,723287,723293,723301,723319,723337,723353,723361,723379,723383,723391,723407,723409,723413,723421,723431,723439,723451,723467,723473,723479,723487,723491,723493,723529,723551,723553
723559,723563,723587,723589,723601,723607,723617,723623,723629,723661,723689,723713,723721,723727,723731,723739,723761,723769,723791,723797,723799,723803,723817,723823,723829,723839,723851,723857,723859,723889,723893,723901,723907,723913,723917,723923,723929,723949,723953,723959,723967,723973,723977,723997,724001,724007,724021,724049,724057,724079
724091,724093,724099,724103,724111,724117,724121,724123,724133,724151,724153,724169,724177,724187,724211,724219,724231,724237,724259,724267,724277,724291,724301,724303,724307,724309,724313,724331,724393,724403,724433,724441,724447,724453,724459,724469,724481,724487,724499,724513,724517,724519,724531,724541,724547,724553,724567,724573,724583,724597
724601,724609,724621,724627,724631,724639,724643,724651,724657,724663,724709,724721,724723,724729,724733,724747,724751,724769,724777,724781,724783,724807,724813,724819,724837,724847,724849,724853,724859,724879,724901,724903,724939,724943,724949,724961,724967,724991,724993,725009,725027,725041,725047,725057,725063,725071,725077,725099,725111,725113
725117,725119,725143,725147,725149,725159,725161,725189,725191,725201,725209,725233,725239,725251,725273,725279,725293,725303,725317,725321,725323,725327,725341,725357,725359,725371,725381,725383,725393,725399,725423,725437,725447,725449,725471,725479,725507,725519,725521,725531,725537,725579,725587,725597,725603,725639,725653,725663,725671,725687
725707,725723,725731,725737,725749,725771,725789,725801,725807,725827,725861,725863,725867,725869,725891,725897,725909,725911,725929,725939,725947,725953,725981,725983,725993,725999,726007,726013,726023,726029,726043,726067,726071,726091,726097,726101,726107,726109,726119,726127,726137,726139,726149,726157,726163,726169,726181,726191,726211,726217
726221,726241,726263,726281,726287,726289,726293,726301,726307,726331,726337,726343,726367,726371,726377,726379,726391,726403,726413,726419,726431,726437,726443,726457,726463,726469,726487,726497,726521,726527,726533,726559,726581,726587,726589,726599,726601,726611,726613,726619,726623,726629,726641,726647,726659,726679,726689,726697,726701,726707
726709,726751,726779,726787,726793,726797,726809,726811,726833,726839,726841,726853,726877,726893,726899,726907,726911,726917,726923,726931,726941,726953,726977,726983,726989,726991,727003,727009,727019,727021,727033,727049,727061,727063,727079,727091,727121,727123,727157,727159,727169,727171,727183,727189,727201,727211,727241,727247,727249,727261
727267,727271,727273,727289,727297,727313,727327,727343,727351,727361,727369,727373,727393,727399,727409,727423,727427,727451,727459,727471,727483,727487,727499,727501,727541,727543,727561,727577,727589,727613,727621,727631,727633,727667,727673,727691,727693,727703,727711,727717,727723,727729,727733,727747,727751,727759,727763,727777,727781,727799
727807,727817,727819,727823,727829,727841,727843,727847,727877,727879,727891,727919,727933,727939,727949,727981,727997,727999,728003,728017,728027,728041,728047,728053,728069,728083,728087,728113,728129,728131,728153,728173,728191,728207,728209,728227,728239,728243,728261,728267,728269,728281,728293,728303,728317,728333,728339,728347,728369,728381
728383,728411,728417,728423,728437,728471,728477,728489,728521,728527,728537,728551,728557,728561,728573,728579,728587,728597,728627,728639,728647,728659,728677,728681,728687,728699,728701,728713,728723,728729,728731,728743,728747,728771,728797,728809,728813,728831,728837,728839,728843,728851,728867,728869,728873,728879,728881,728891,728899,728911
728921,728927,728929,728941,728947,728953,728969,728971,728983,728993,729007,729013,729019,729023,729037,729041,729059,729073,729083,729139,729143,729167,729173,729187,729191,729199,729203,729217,729221,729229,729247,729257,729269,729271,729293,729301,729329,729331,729359,729367,729371,729373,729389,729397,729401,729403,729413,729451,729457,729473
729479,729493,729497,729503,729511,729517,729527,729551,729557,729559,729569,729571,729577,729587,729593,729601,729607,729613,729637,729643,729649,729661,729671,729679,729683,729689,729713,729719,729737,729749,729761,729763,729779,729787,729791,729821,729829,729851,729853,729871,729877,729907,729913,729919,729931,729941,729943,729947,729977,729979
729983,729991,730001,730003,730013,730021,730027,730033,730049,730057,730069,730091,730111,730117,730127,730139,730153,730157,730187,730199,730211,730217,730237,730241,730253,730277,730283,730297,730309,730321,730339,730349,730357,730363,730369,730381,730397,730399,730421,730447,730451,730459,730463,730469,730487,730523,730537,730553,730559,730567
730571,730573,730589,730591,730603,730619,730633,730637,730663,730669,730679,730727,730747,730753,730757,730777,730781,730783,730789,730799,730801,730811,730819,730823,730831,730837,730843,730853,730859,730867,730879,730883,730889,730901,730909,730913,730931,730943,730969,730973,730979,730993,730999,731021,731023,731033,731039,731041,731047,731053
731057,731077,731099,731113,731117,731123,731141,731173,731183,731189,731191,731201,731209,731219,731233,731243,731249,731251,731257,731261,731267,731287,731299,731309,731327,731333,731359,731363,731369,731389,731407,731413,731417,731431,731447,731483,731501,731503,731509,731531,731539,731551,731567,731587,731593,731597,731603,731611,731623,731639
731651,731657,731677,731681,731683,731701,731711,731713,731719,731729,731737,731741,731761,731767,731779,731789,731803,731807,731813,731821,731827,731831,731839,731849,731851,731869,731881,731893,731909,731911,731921,731923,731933,731957,731981,731993,731999,732001,732007,732019,732023,732029,732031,732041,732073,732077,732079,732097,732101,732133
732157,732169,732181,732187,732191,732197,732209,732211,732217,732229,732233,732239,732257,732269,732271,732283,732287,732293,732299,732311,732323,732331,732349,732373,732379,732397,732439,732443,732449,732451,732461,732463,732467,732491,732493,732497,732509,732521,732533,732541,732577,732593,732601,732607,732617,732631,732653,732661,732673,732679
732689,732691,732703,732709,732713,732727,732731,732749,732761,732769,732799,732817,732827,732829,732833,732841,732857,732863,732877,732889,732899,732911,732923,732929,732943,732959,732961,732967,732971,732997,733003,733009,733049,733063,733067,733069,733097,733099,733111,733123,733127,733133,733141,733147,733151,733157,733163,733169,733177,733189
733237,733241,733259,733273,733277,733283,733289,733301,733307,733319,733321,733331,733333,733339,733349,733351,733373,733387,733391,733393,733399,733409,733427,733433,733441,733459,733477,733489,733511,733517,733519,733541,733543,733549,733559,733561,733589,733591,733619,733633,733639,733651,733657,733687,733697,733727,733741,733751,733753,733757
733763,733793,733807,733813,733823,733829,733841,733847,733849,733853,733867,733871,733877,733879,733883,733919,733921,733937,733939,733949,733963,733973,733981,733991,734003,734017,734021,734029,734047,734051,734057,734087,734089,734099,734113,734131,734143,734159,734171,734177,734189,734197,734203,734207,734221,734231,734233,734243,734263,734267
734273,734291,734303,734329,734347,734381,734389,734399,734401,734411,734423,734429,734431,734443,734471,734473,734477,734479,734497,734507,734533,734537,734543,734549,734557,734567,734579,734593,734627,734647,734653,734659,734663,734683,734687,734693,734707,734717,734729,734737,734743,734753,734759,734771,734801,734803,734807,734813,734819,734821
734837,734849,734869,734879,734887,734897,734911,734933,734941,734953,734957,734959,734971,735001,735013,735019,735023,735043,735047,735061,735067,735071,735073,735083,735101,735107,735109,735113,735139,735143,735157,735169,735173,735181,735187,735193,735209,735211,735239,735247,735263,735271,735283,735299,735307,735311,735313,735323,735331,735337
735341,735349,735359,735367,735373,735389,735391,735419,735421,735431,735439,735443,735451,735461,735467,735473,735479,735487,735491,735529,735533,735557,735571,735577,735589,735617,735649,735653,735659,735667,735673,735689,735697,735719,735731,735733,735739,735751,735781,735797,735803,735809,735821,735829,735841,735853,735857,735871,735877,735883
735887,735899,735901,735919,735929,735937,735949,735953,735979,735983,735997,736007,736009,736013,736019,736027,736037,736039,736051,736061,736063,736081,736091,736093,736097,736103,736111,736121,736139,736147,736159,736163,736171,736181,736187,736213,736217,736243,736247,736249,736259,736273,736277,736279,736291,736301,736313,736357,736361,736363
736367,736369,736381,736387,736399,736403,736409,736429,736433,736441,736447,736451,736469,736471,736511,736523,736577,736579,736607,736609,736639,736651,736657,736669,736679,736691,736699,736709,736711,736717,736721,736741,736751,736783,736787,736793,736817,736823,736829,736843,736847,736867,736871,736889,736903,736907,736921,736927,736937,736951
736961,736973,736987,736993,736999,737017,737021,737027,737039,737041,737047,737053,737059,737083,737089,737111,737119,737129,737131,737141,737147,737159,737161,737179,737183,737203,737207,737237,737251,737263,737279,737281,737287,737291,737293,737309,737327,737339,737351,737353,737369,737393,737411,737413,737417,737419,737423,737431,737479,737483
737497,737501,737507,737509,737531,737533,737537,737563,737567,737573,737591,737593,737617,737629,737641,737657,737663,737683,737687,737717,737719,737729,737747,737753,737767,737773,737791,737797,737801,737809,737819,737843,737857,737861,737873,737887,737897,737921,737927,737929,737969,737981,737983,737993,737999,738011,738013,738029,738037,738043
738053,738061,738071,738083,738107,738109,738121,738151,738163,738167,738173,738197,738211,738217,738223,738233,738247,738263,738281,738301,738313,738317,738319,738337,738341,738349,738373,738379,738383,738391,738401,738403,738421,738443,738457,738467,738469,738481,738487,738499,738509,738523,738539,738547,738559,738581,738583,738589,738607,738623
738629,738643,738671,738677,738679,738707,738713,738719,738721,738743,738757,738781,738791,738797,738811,738817,738821,738827,738839,738847,738851,738863,738877,738889,738901,738917,738919,738923,738931,738937,738953,738961,738977,738989,739003,739019,739021,739027,739031,739033,739051,739061,739069,739073,739087,739097,739099,739103,739111,739117
739121,739139,739153,739159,739163,739171,739183,739187,739199,739201,739217,739241,739253,739261,739273,739283,739301,739303,739307,739327,739331,739337,739351,739363,739367,739369,739373,739379,739391,739393,739397,739399,739411,739429,739433,739439,739463,739469,739489,739493,739507,739511,739513,739523,739547,739549,739553,739573,739577,739579
739589,739591,739597,739601,739603,739621,739631,739633,739637,739649,739693,739699,739723,739751,739759,739771,739777,739787,739799,739813,739829,739831,739847,739853,739859,739861,739883,739909,739913,739931,739943,739951,739957,739961,739967,739969,739997,740011,740017,740021,740023,740041,740053,740057,740059,740087,740093,740099,740123,740141
740143,740153,740161,740171,740189,740191,740227,740237,740239,740269,740279,740287,740291,740303,740321,740323,740329,740339,740351,740359,740371,740387,740413,740423,740429,740461,740473,740477,740483,740513,740521,740527,740533,740539,740549,740561,740567,740581,740587,740591,740599,740603,740617,740647,740651,740653,740657,740659,740671,740681
740687,740693,740699,740711,740713,740717,740737,740749,740771,740797,740801,740813,740827,740837,740849,740891,740893,740897,740903,740923,740939,740947,740951,740963,740969,740989,741001,741007,741011,741017,741031,741043,741053,741061,741071,741077,741079,741101,741119,741121,741127,741131,741137,741151,741163,741187,741193,741199,741227,741229
741233,741253,741263,741283,741289,741317,741337,741341,741343,741347,741373,741379,741383,741401,741407,741409,741413,741431,741457,741467,741469,741473,741479,741491,741493,741509,741541,741547,741563,741569,741593,741599,741641,741661,741667,741677,741679,741683,741691,741701,741709,741721,741749,741751,741781,741787,741803,741809,741823,741827
741833,741847,741857,741859,741869,741877,741883,741901,741913,741929,741941,741967,741971,741973,741991,742009,742013,742031,742037,742057,742069,742073,742111,742117,742127,742151,742153,742193,742199,742201,742211,742213,742219,742229,742241,742243,742253,742267,742277,742283,742289,742303,742307,742319,742327,742333,742351,742361,742369,742381
742393,742409,742421,742439,742457,742499,742507,742513,742519,742529,742531,742537,742541,742549,742559,742579,742591,742597,742607,742613,742619,742631,742657,742663,742669,742673,742681,742697,742699,742711,742717,742723,742727,742757,742759,742771,742783,742787,742789,742793,742801,742817,742871,742891,742897,742909,742913,742943,742949,742967
742981,742991,742993,742999,743011,743027,743047,743059,743069,743089,743111,743123,743129,743131,743137,743143,743159,743161,743167,743173,743177,743179,743203,743209,743221,743227,743251,743263,743269,743273,743279,743297,743321,743333,743339,743363,743377,743389,743401,743419,743423,743437,743447,743467,743471,743497,743507,743539,743549,743551
743569,743573,743579,743581,743591,743593,743609,743623,743657,743669,743671,743683,743689,743693,743711,743723,743731,743741,743747,743753,743761,743777,743779,743791,743803,743819,743833,743837,743849,743851,743881,743887,743891,743909,743917,743921,743923,743933,743947,743987,743989,743993,744011,744013,744019,744041,744043,744071,744077,744083
744113,744127,744131,744137,744157,744179,744187,744193,744199,744203,744221,744229,744239,744241,744251,744253,744283,744301,744313,744353,744371,744377,744389,744391,744397,744407,744409,744431,744451,744467,744493,744503,744509,744511,744539,744547,744559,744563,744599,744607,744637,744641,744643,744647,744649,744659,744661,744677,744697,744701
744707,744721,744727,744739,744761,744767,744791,744811,744817,744823,744829,744833,744859,744881,744893,744907,744911,744917,744941,744943,744949,744959,744967,744977,744983,745001,745007,745013,745027,745033,745037,745051,745067,745103,745117,745133,745141,745153,745159,745163,745169,745181,745183,745187,745189,745193,745201,745211,745231,745243
745247,745249,745273,745289,745301,745307,745309,745337,745343,745357,745369,745379,745391,745397,745471,745477,745483,745517,745529,745531,745543,745567,745573,745597,745601,745607,745609,745621,745627,745631,745649,745651,745673,745697,745699,745709,745711,745727,745733,745741,745747,745751,745753,745757,745799,745817,745837,745859,745861,745873
745889,745903,745931,745933,745939,745949,745951,745963,745973,745981,745991,745993,745999,746003,746017,746021,746023,746033,746041,746047,746059,746069,746099,746101,746107,746117,746129,746153,746167,746171,746177,746183,746191,746197,746203,746209,746227,746231,746233,746243,746261,746267,746269,746287,746297,746303,746309,746321,746329,746353
746357,746359,746363,746371,746411,746413,746429,746461,746467,746477,746479,746483,746497,746503,746507,746509,746519,746531,746533,746561,746563,746587,746593,746597,746653,746659,746671,746677,746687,746699,746723,746731,746737,746743,746747,746749,746761,746773,746777,746789,746791,746797,746807,746813,746819,746839,746843,746869,746873,746891
746899,746903,746923,746927,746939,746951,746957,746959,746969,746981,746989,747037,747041,747049,747053,747073,747077,747079,747101,747107,747113,747119,747121,747139,747157,747161,747199,747203,747217,747223,747233,747239,747259,747277,747281,747283,747287,747319,747323,747343,747361,747367,747377,747391,747401,747407,747421,747427,747449,747451
747457,747463,747491,747493,747497,747499,747521,747529,747547,747557,747563,747583,747587,747599,747611,747619,747647,747667,747673,747679,747713,747731,747737,747743,747749,747763,747767,747781,747793,747797,747809,747811,747827,747829,747833,747839,747841,747853,747863,747869,747871,747889,747917,747919,747931,747941,747953,747961,747977,747979
747991,748001,748003,748019,748021,748039,748057,748063,748081,748091,748093,748109,748117,748133,748151,748169,748183,748199,748207,748211,748217,748219,748249,748271,748273,748283,748301,748313,748331,748337,748339,748343,748361,748369,748379,748387,748393,748421,748441,748453,748463,748471,748481,748483,748487,748499,748513,748523,748541,748567
748589,748597,748603,748607,748609,748613,748633,748637,748639,748667,748669,748687,748691,748703,748711,748717,748723,748729,748739,748747,748753,748763,748777,748789,748801,748807,748817,748819,748823,748829,748831,748849,748861,748871,748877,748879,748883,748889,748921,748933,748963,748967,748973,748981,748987,748997,749011,749027,749051,749069
749081,749083,749093,749129,749137,749143,749149,749153,749167,749171,749183,749197,749209,749219,749233,749237,749249,749251,749257,749267,749279,749297,749299,749323,749339,749347,749351,749369,749381,749383,749393,749401,749423,749429,749431,749443,749449,749453,749459,749461,749467,749471,749537,749543,749557,749587,749591,749597,749599,749641
749653,749659,749677,749687,749699,749701,749711,749719,749729,749741,749747,749753,749761,749773,749779,749803,749807,749809,749843,749851,749863,749891,749893,749899,749909,749923,749927,749933,749939,749941,749951,749971,749977,749993,749999,750011,750019,750037,750041,750047,750059,750077,750083,750089,750097,750103,750119,750121,750131,750133
750137,750151,750157,750161,750163,750173,750179,750187,750203,750209,750223,750229,750251,750271,750287,750311,750313,750353,750371,750383,750389,750401,750413,750419,750437,750457,750469,750473,750487,750509,750511,750517,750521,750523,750553,750571,750583,750593,750599,750611,750613,750641,750643,750649,750653,750661,750667,750677,750679,750691
750707,750713,750719,750721,750749,750769,750773,750787,750791,750793,750797,750803,750809,750817,750829,750847,750853,750857,750859,750863,750889,750917,750929,750943,750961,750977,750979,750983,750991,751001,751007,751021,751027,751031,751057,751061,751073,751087,751103,751117,751123,751133,751139,751141,751147,751151,751159,751181,751183,751189
751193,751199,751207,751217,751237,751259,751273,751277,751291,751297,751301,751307,751313,751319,751321,751327,751343,751351,751357,751363,751367,751379,751403,751411,751423,751441,751447,751453,751463,751481,751493,751523,751529,751537,751549,751561,751567,751579,751589,751603,751609,751613,751627,751631,751633,751637,751643,751649,751661,751669
751691,751711,751717,751721,751727,751739,751741,751747,751753,751759,751763,751771,751787,751799,751813,751823,751831,751841,751853,751867,751871,751879,751901,751903,751909,751913,751921,751937,751943,751957,751969,751987,751997,752009,752023,752033,752053,752083,752093,752107,752111,752117,752137,752149,752177,752183,752189,752197,752201,752203
752207,752243,752249,752251,752263,752273,752281,752287,752291,752293,752299,752303,752327,752341,752351,752359,752383,752413,752431,752447,752449,752459,752461,752483,752489,752503,752509,752513,752519,752527,752569,752581,752593,752597,752603,752627,752639,752651,752657,752659,752677,752681,752683,752699,752701,752707,752747,752771,752783,752789
752797,752803,752809,752819,752821,752831,752833,752861,752867,752881,752891,752903,752909,752911,752929,752933,752953,752957,752977,752993,753001,753007,753019,753023,753031,753041,753073,753079,753091,753121,753127,753133,753139,753143,753149,753161,753169,753187,753191,753197,753199,753229,753257,753271,753301,753307,753323,753329,753341,753343
753349,753353,753367,753373,753377,753383,753397,753409,753419,753421,753427,753437,753439,753451,753461,753463,753479,753497,753499,753527,753541,753547,753569,753583,753587,753589,753611,753617,753619,753631,753647,753659,753667,753677,753679,753689,753691,753707,753719,753721,753737,753743,753751,753773,753793,753799,753803,753811,753821,753829
753839,753847,753853,753859,753881,753887,753931,753937,753941,753947,753959,753979,753983,753989,753997,754003,754027,754037,754043,754057,754067,754073,754081,754093,754099,754109,754111,754121,754123,754133,754139,754141,754151,754153,754157,754181,754183,754207,754211,754217,754223,754231,754241,754249,754267,754279,754283,754289,754291,754297
754301,754333,754337,754343,754361,754363,754367,754373,754379,754381,754399,754417,754421,754427,754451,754463,754483,754489,754499,754513,754519,754531,754549,754573,754577,754583,754591,754597,754603,754619,754627,754639,754651,754657,754697,754703,754709,754711,754717,754723,754729,754739,754751,754759,754771,754781,754811,754829,754847,754861
754877,754891,754903,754907,754921,754931,754937,754939,754967,754969,754973,754979,754981,754991,754993,755009,755017,755033,755057,755063,755071,755077,755081,755087,755107,755137,755143,755147,755171,755173,755203,755213,755219,755221,755233,755239,755257,755263,755267,755273,755309,755311,755317,755329,755333,755347,755351,755353,755357,755371
755387,755393,755399,755401,755407,755413,755423,755437,755441,755449,755473,755483,755509,755519,755539,755543,755551,755561,755567,755569,755593,755597,755617,755627,755659,755663,755669,755681,755707,755717,755719,755723,755737,755759,755767,755771,755773,755779,755789,755791,755809,755813,755861,755863,755869,755879,755899,755903,755927,755959
755969,755971,755977,756011,756023,756043,756053,756071,756073,756097,756101,756127,756131,756139,756149,756167,756179,756191,756199,756209,756227,756247,756251,756253,756271,756281,756289,756293,756311,756319,756323,756331,756337,756341,756373,756397,756403,756419,756421,756433,756443,756451,756463,756467,756479,756527,756533,756541,756563,756571
756593,756601,756607,756611,756629,756641,756643,756649,756659,756667,756673,756683,756689,756703,756709,756719,756727,756731,756739,756773,756779,756781,756799,756817,756829,756839,756851,756853,756859,756863,756869,756881,756883,756887,756919,756923,756961,756967,756971,757007,757013,757019,757021,757037,757039,757063,757067,757079,757087,757109
757111,757117,757121,757151,757157,757171,757181,757189,757201,757241,757243,757247,757249,757259,757261,757271,757291,757297,757307,757319,757327,757331,757343,757363,757381,757387,757403,757409,757417,757429,757433,757447,757457,757481,757487,757489,757507,757513,757517,757543,757553,757577,757579,757583,757607,757613,757621,757633,757637,757651
757661,757693,757699,757709,757711,757717,757727,757751,757753,757759,757763,757793,757807,757811,757817,757819,757829,757831,757849,757879,757901,757903,757909,757921,757927,757931,757937,757943,757951,757957,757993,757997,758003,758027,758029,758033,758041,758053,758071,758077,758083,758099,758101,758111,758129,758137,758141,758143,758159,758161
758179,758189,758201,758203,758221,758227,758231,758237,758243,758257,758267,758269,758273,758279,758281,758293,758299,758323,758339,758341,758357,758363,758383,758393,758411,758431,758441,758447,758449,758453,758491,758497,758501,758503,758509,758519,758521,758551,758561,758567,758573,758579,758599,758603,758617,758629,758633,758671,758687,758699
758707,758711,758713,758717,758729,758731,758741,758743,758753,758767,758783,758789,758809,758819,758827,758837,758851,758867,758873,758887,758893,758899,758929,758939,758941,758957,758963,758969,758971,758987,759001,759019,759029,759037,759047,759049,759053,759089,759103,759113,759131,759137,759149,759167,759173,759179,759181,759193,759223,759229
759233,759263,759287,759293,759301,759313,759323,759329,759359,759371,759377,759383,759397,759401,759431,759433,759439,759457,759461,759463,759467,759491,759503,759523,759527,759541,759547,759553,759557,759559,759569,759571,759581,759589,759599,759617,759623,759631,759637,759641,759653,759659,759673,759691,759697,759701,759709,759719,759727,759739
759757,759763,759797,759799,759809,759817,759821,759827,759833,759859,759881,759893,759907,759911,759919,759923,759929,759937,759947,759953,759959,759961,759973,759977,759991,760007,760009,760013,760033,760043,760063,760079,760093,760103,760117,760129,760139,760141,760147,760153,760157,760159,760163,760169,760183,760187,760211,760229,760231,760237
760241,760261,760267,760271,760273,760289,760297,760301,760303,760321,760343,760367,760373,760411,760423,760433,760447,760453,760457,760477,760489,760499,760511,760519,760531,760537,760547,760549,760553,760559,760561,760567,760579,760607,760619,760621,760637,760649,760657,760693,760723,760729,760751,760759,760763,760769,760783,760787,760807,760811
760813,760819,760841,760843,760847,760867,760871,760891,760897,760901,760913,760927,760933,760939,760951,760961,760973,760993,760997,761003,761009,761021,761023,761029,761051,761063,761069,761087,761113,761119,761129,761149,761153,761161,761177,761179,761183,761203,761207,761213,761227,761249,761251,761261,761263,761269,761291,761297,761339,761347
761351,761357,761363,761377,761381,761389,761393,761399,761407,761417,761419,761429,761437,761441,761443,761459,761471,761477,761483,761489,761521,761531,761533,761543,761561,761567,761587,761591,761597,761603,761611,761623,761633,761647,761669,761671,761681,761689,761711,761713,761731,761773,761777,761779,761807,761809,761819,761833,761851,761861
761863,761869,761879,761897,761909,761927,761933,761939,761953,761963,761977,761983,761987,761989,761993,762001,762007,762017,762029,762031,762037,762049,762053,762061,762079,762101,762121,762133,762169,762173,762187,762211,762217,762227,762233,762239,762241,762253,762257,762269,762277,762301,762319,762329,762367,762371,762373,762379,762389,762397
762401,762403,762407,762409,762431,762479,762491,762499,762523,762529,762539,762547,762557,762563,762571,762577,762583,762599,762623,762647,762653,762659,762667,762709,762721,762733,762737,762743,762761,762779,762791,762809,762821,762823,762833,762847,762851,762859,762871,762877,762893,762899,762901,762911,762913,762917,762919,762959,762967,762973
762989,762991,763001,763013,763027,763031,763039,763043,763057,763067,763073,763093,763111,763123,763129,763141,763151,763157,763159,763183,763201,763223,763229,763237,763241,763261,763267,763271,763289,763303,763307,763319,763339,763349,763369,763381,763387,763391,763403,763409,763417,763423,763429,763447,763457,763471,763481,763493,763513,763523
763549,763559,763573,763579,763583,763597,763601,763603,763613,763619,763621,763627,763649,763663,763673,763687,763699,763727,763739,763751,763753,763757,763771,763787,763801,763811,763813,763823,763837,763843,763859,763877,763879,763883,763897,763901,763907,763913,763921,763927,763937,763943,763957,763967,763969,763999,764003,764011,764017,764021
764041,764051,764053,764059,764077,764081,764089,764107,764111,764131,764143,764149,764171,764177,764189,764209,764213,764233,764249,764251,764261,764273,764293,764297,764299,764311,764317,764321,764327,764329,764333,764339,764341,764369,764377,764381,764399,764431,764443,764447,764459,764461,764471,764479,764501,764521,764539,764551,764563,764567
764587,764591,764593,764611,764623,764627,764629,764657,764663,764683,764689,764707,764713,764717,764719,764723,764761,764783,764789,764791,764809,764837,764839,764849,764851,764857,764861,764887,764891,764893,764899,764903,764923,764947,764963,764969,764971,764977,764989,764993,764999,765007,765029,765031,765041,765043,765047,765059,765077,765091
765097,765103,765109,765131,765137,765139,765143,765151,765169,765181,765199,765203,765209,765211,765227,765229,765239,765241,765251,765253,765257,765269,765283,765287,765293,765307,765313,765319,765329,765353,765379,765383,765389,765403,765409,765437,765439,765461,765467,765469,765481,765487,765497,765503,765521,765533,765539,765563,765577,765581
765587,765613,765617,765619,765623,765637,765649,765659,765673,765679,765703,765707,765727,765749,765763,765767,765769,765773,765781,765823,765827,765847,765851,765857,765859,765881,765887,765889,765893,765899,765907,765913,765929,765931,765949,765953,765971,765983,765991,766021,766033,766039,766043,766049,766057,766067,766069,766079,766091,766097
766109,766111,766121,766123,766127,766163,766169,766177,766187,766193,766211,766223,766229,766231,766237,766243,766247,766261,766273,766277,766301,766313,766319,766321,766333,766357,766361,766369,766373,766387,766391,766393,766399,766417,766421,766439,766453,766457,766471,766477,766487,766501,766511,766531,766541,766543,766553,766559,766583,766607
766609,766637,766639,766643,766651,766663,766679,766687,766693,766721,766739,766757,766763,766769,766771,766793,766807,766811,766813,766817,766841,766861,766867,766873,766877,766879,766891,766901,766907,766933,766937,766939,766943,766957,766967,766999,767009,767017,767029,767051,767071,767089,767093,767099,767101,767111,767113,767131,767147,767149
767153,767161,767167,767183,767189,767191,767203,767209,767243,767279,767287,767293,767309,767317,767321,767323,767339,767341,767357,767359,767381,767399,767401,767423,767443,767471,767477,767483,767489,767497,767509,767513,767519,767521,767527,767537,767539,767549,767551,767587,767597,767603,767617,767623,767633,767647,767677,767681,767693,767707
767719,767729,767747,767749,767759,767761,767773,767783,767813,767821,767827,767831,767843,767849,767857,767863,767867,767869,767881,767909,767927,767951,767957,767989,768013,768017,768029,768041,768049,768059,768073,768101,768107,768127,768133,768139,768161,768167,768169,768191,768193,768197,768199,768203,768221,768233,768241,768259,768263,768283
768301,768319,768323,768329,768343,768347,768353,768359,768371,768373,768377,768389,768401,768409,768419,768431,768437,768457,768461,768473,768479,768487,768491,768503,768511,768517,768541,768563,768571,768589,768611,768613,768619,768623,768629,768631,768641,768643,768653,768671,768679,768727,768743,768751,768767,768773,768787,768793,768799,768811
768841,768851,768853,768857,768869,768881,768899,768917,768923,768931,768941,768953,768973,768979,768983,768991,768997,769003,769007,769019,769033,769039,769057,769073,769081,769091,769099,769117,769121,769123,769147,769151,769159,769169,769187,769207,769217,769231,769243,769247,769259,769261,769273,769277,769289,769297,769309,769319,769333,769337
769339,769357,769387,769397,769409,769411,769421,769423,769429,769441,769453,769459,769463,769469,769487,769499,769541,769543,769547,769553,769567,769577,769579,769589,769591,769597,769619,769621,769627,769661,769663,769673,769687,769723,769729,769733,769739,769751,769753,769781,769789,769799,769807,769831,769837,769841,769843,769871,769903,769919
769927,769943,769957,769961,769963,769969,769973,769987,769997,769999,770027,770039,770041,770047,770053,770057,770059,770069,770093,770101,770111,770113,770123,770129,770141,770167,770177,770179,770183,770191,770197,770207,770213,770227,770233,770239,770261,770281,770291,770309,770311,770333,770353,770359,770383,770387,770401,770417,770437,770447
770449,770459,770503,770519,770527,770533,770537,770551,770557,770573,770579,770587,770591,770597,770611,770633,770639,770641,770647,770657,770663,770669,770681,770683,770699,770711,770723,770741,770761,770767,770771,770789,770801,770813,770837,770839,770843,770851,770863,770867,770873,770881,770893,770897,770909,770921,770927,770929,770951,770971
770977,770981,770993,771011,771013,771019,771031,771037,771041,771047,771049,771059,771073,771079,771083,771091,771107,771109,771143,771151,771163,771179,771181,771193,771209,771217,771227,771233,771263,771269,771283,771289,771293,771299,771301,771347,771349,771359,771361,771383,771389,771401,771403,771427,771431,771437,771439,771461,771473,771481
771493,771499,771503,771509,771517,771527,771553,771569,771583,771587,771601,771607,771619,771623,771629,771637,771643,771653,771679,771689,771691,771697,771703,771713,771737,771739,771763,771767,771769,771781,771809,771821,771847,771853,771863,771871,771877,771887,771889,771899,771917,771937,771941,771961,771971,771973,771977,771997,772001,772003
772007,772019,772039,772061,772073,772081,772091,772097,772111,772127,772139,772147,772159,772169,772181,772201,772207,772229,772231,772243,772273,772279,772297,772313,772333,772339,772349,772367,772379,772381,772391,772393,772403,772439,772441,772451,772459,772477,772493,772511,772517,772537,772561,772567,772571,772573,772591,772601,772619,772627
772631,772637,772643,772649,772657,772661,772663,772669,772679,772691,772697,772703,772721,772729,772747,772757,772771,772781,772789,772801,772843,772847,772853,772859,772867,772883,772897,772903,772907,772909,772913,772921,772927,772943,772949,772951,772963,772987,772991,772999,773021,773023,773027,773029,773039,773057,773063,773081,773083,773089
773093,773117,773131,773147,773153,773159,773203,773207,773209,773231,773239,773249,773251,773273,773287,773299,773309,773317,773341,773363,773371,773387,773393,773407,773417,773447,773453,773473,773491,773497,773501,773519,773533,773537,773561,773567,773569,773579,773599,773603,773609,773611,773621,773627,773657,773659,773671,773681,773683,773693
773701,773713,773719,773723,773753,773767,773771,773777,773779,773803,773819,773821,773831,773837,773849,773863,773867,773869,773879,773887,773893,773897,773909,773921,773933,773939,773951,773953,773987,773989,773999,774001,774017,774023,774031,774047,774071,774073,774083,774107,774119,774127,774131,774133,774143,774149,774161,774173,774181,774199
774217,774223,774229,774233,774239,774253,774281,774283,774289,774313,774317,774331,774337,774343,774377,774391,774409,774427,774439,774443,774463,774467,774491,774511,774523,774541,774547,774551,774563,774577,774583,774589,774593,774601,774623,774629,774637,774643,774661,774667,774671,774679,774689,774691,774703,774727,774733,774737,774757,774773
774779,774791,774797,774799,774803,774811,774821,774833,774853,774857,774863,774899,774901,774919,774929,774931,774937,774947,774959,774997,775007,775037,775043,775051,775057,775063,775079,775087,775091,775097,775111,775121,775133,775139,775147,775153,775157,775163,775189,775193,775207,775211,775237,775241,775253,775259,775267,775273,775277,775289
775309,775343,775349,775361,775363,775367,775393,775417,775427,775441,775451,775459,775471,775477,775499,775501,775507,775513,775517,775529,775531,775553,775573,775601,775603,775609,775613,775627,775633,775639,775661,775669,775681,775711,775729,775739,775741,775757,775769,775777,775783,775787,775799,775807,775811,775823,775861,775871,775889,775891
775919,775921,775933,775937,775939,775949,775963,775969,775987,775993,776003,776029,776047,776057,776059,776077,776099,776117,776119,776129,776137,776143,776159,776173,776177,776179,776183,776201,776213,776219,776221,776231,776233,776249,776257,776267,776287,776317,776327,776341,776353,776357,776389,776401,776429,776443,776449,776453,776459,776467
776471,776483,776497,776507,776513,776521,776551,776557,776561,776563,776569,776579,776599,776621,776627,776651,776683,776689,776693,776719,776729,776749,776753,776759,776761,776773,776801,776803,776813,776819,776833,776837,776851,776861,776869,776879,776887,776899,776903,776921,776947,776959,776969,776977,776981,776983,776987,777001,777011,777013
777031,777041,777047,777071,777083,777097,777103,777107,777109,777131,777137,777143,777151,777163,777167,777169,777173,777181,777187,777191,777199,777209,777221,777241,777247,777251,777253,777269,777277,777299,777313,777317,777349,777353,777373,777383,777389,777391,777409,777419,777421,777431,777433,777437,777451,777463,777473,777479,777487,777503
777509,777533,777541,777551,777571,777583,777587,777589,777611,777617,777619,777641,777643,777659,777661,777671,777677,777683,777701,777713,777731,777737,777739,777743,777761,777769,777773,777781,777787,777817,777823,777839,777853,777857,777859,777863,777871,777877,777899,777901,777911,777919,777923,777941,777977,777979,777989,778013,778027,778049
778051,778061,778079,778081,778087,778091,778097,778109,778111,778117,778121,778123,778153,778163,778187,778201,778207,778213,778223,778237,778241,778247,778279,778301,778307,778313,778319,778333,778357,778361,778363,778381,778391,778397,778403,778409,778417,778439,778451,778469,778489,778499,778507,778511,778513,778523,778529,778537,778541,778553
778559,778567,778579,778597,778633,778643,778663,778667,778669,778681,778693,778697,778699,778709,778717,778727,778733,778747,778759,778763,778769,778777,778781,778793,778819,778831,778847,778871,778873,778879,778903,778907,778913,778927,778933,778949,778951,778963,778979,778993,778997,779003,779011,779021,779029,779039,779063,779069,779071,779081
779101,779111,779113,779131,779137,779147,779159,779167,779173,779179,779189,779197,779221,779227,779231,779237,779239,779243,779249,779267,779279,779299,779321,779327,779329,779333,779341,779347,779351,779353,779357,779377,779381,779407,779413,779423,779431,779477,779489,779497,779507,779521,779531,779543,779561,779563,779573,779579,779591,779593
779599,779609,779617,779621,779657,779659,779663,779687,779693,779699,779707,779731,779747,779749,779759,779761,779767,779771,779791,779797,779827,779833,779837,779869,779873,779879,779887,779899,779917,779927,779939,779957,779959,779963,779971,779981,779983,779993,780029,780037,780041,780047,780049,780061,780089,780097,780103,780119,780127,780139
780163,780173,780179,780191,780193,780211,780223,780233,780253,780257,780287,780289,780323,780343,780347,780371,780379,780383,780389,780397,780401,780421,780433,780457,780467,780469,780473,780497,780499,780523,780541,780547,780553,780557,780569,780581,780583,780587,780601,780613,780631,780641,780649,780667,780671,780679,780683,780697,780707,780719
780721,780727,780733,780799,780803,780809,780817,780823,780833,780839,780841,780851,780853,780869,780877,780887,780889,780893,780917,780931,780937,780953,780961,780971,780973,780979,780991,781003,781007,781013,781021,781043,781051,781063,781069,781087,781111,781117,781127,781129,781139,781159,781163,781171,781189,781199,781211,781217,781229,781237
781243,781247,781271,781283,781301,781307,781309,781321,781327,781343,781351,781357,781367,781369,781387,781397,781399,781409,781423,781427,781433,781447,781453,781481,781483,781493,781511,781513,781519,781523,781531,781549,781553,781559,781567,781589,781601,781607,781619,781631,781633,781661,781663,781673,781681,781709,781721,781733,781741,781771
781799,781801,781817,781819,781853,781861,781867,781877,781883,781889,781897,781901,781919,781933,781951,781961,781967,781969,781973,781981,781987,781997,781999,782003,782009,782011,782027,782053,782057,782071,782077,782083,782087,782107,782113,782123,782129,782137,782141,782147,782149,782167,782183,782189,782191,782209,782219,782231,782233,782251
782261,782263,782267,782273,782279,782297,782303,782311,782317,782329,782339,782351,782371,782381,782387,782389,782393,782413,782417,782423,782429,782443,782461,782473,782489,782497,782501,782519,782531,782539,782549,782581,782609,782611,782641,782659,782669,782671,782687,782689,782699,782707,782711,782723,782737,782741,782777,782783,782791,782801
782827,782839,782849,782861,782891,782893,782911,782921,782927,782941,782963,782981,782983,782993,783007,783011,783017,783019,783023,783043,783049,783077,783089,783103,783119,783121,783131,783137,783143,783149,783151,783169,783191,783193,783197,783221,783227,783239,783247,783257,783259,783269,783281,783283,783317,783323,783329,783337,783353,783359
783361,783373,783379,783407,783413,783421,783451,783473,783481,783487,783527,783529,783533,783553,783557,783569,783571,783577,783583,783599,783611,783613,783619,783637,783641,783647,783661,783677,783689,783691,783701,783703,783707,783719,783721,783733,783737,783743,783749,783763,783767,783779,783781,783787,783791,783793,783799,783803,783829,783851
783859,783869,783877,783907,783929,783931,783943,783949,783953,783977,783983,784009,784013,784027,784039,784061,784079,784081,784087,784097,784103,784109,784117,784123,784127,784129,784151,784153,784163,784171,784177,784181,784183,784211,784213,784219,784229,784237,784243,784249,784253,784279,784283,784307,784309,784313,784319,784321,784327,784349
784351,784367,784373,784379,784387,784403,784409,784411,784423,784429,784447,784451,784457,784463,784471,784481,784489,784493,784501,784513,784541,784543,784547,784561,784573,784577,784583,784591,784603,784607,784613,784627,784639,784649,784661,784687,784697,784717,784723,784727,784753,784787,784789,784799,784811,784813,784831,784837,784841,784859
784867,784897,784913,784919,784939,784957,784961,784981,784991,785003,785017,785033,785053,785063,785093,785101,785107,785119,785123,785129,785143,785149,785153,785159,785167,785203,785207,785219,785221,785227,785249,785269,785287,785293,785297,785299,785303,785311,785321,785329,785333,785341,785347,785353,785357,785363,785371,785377,785387,785413
785423,785431,785459,785461,785483,785501,785503,785507,785527,785531,785537,785539,785549,785557,785569,785573,785579,785591,785597,785623,785627,785641,785651,785663,785671,785693,785711,785713,785717,785731,785737,785747,785753,785773,785777,785779,785789,785801,785803,785809,785839,785857,785861,785867,785879,785903,785921,785923,785947,785951
785963,786001,786007,786013,786017,786031,786047,786053,786059,786061,786073,786077,786091,786109,786113,786127,786133,786143,786151,786167,786173,786179,786187,786193,786197,786211,786223,786241,786251,786271,786281,786299,786307,786311,786319,786329,786337,786349,786371,786389,786407,786419,786431,786433,786449,786463,786469,786479,786481,786491
786497,786523,786547,786551,786553,786587,786589,786613,786629,786637,786659,786661,786673,786691,786697,786701,786703,786707,786719,786739,786763,786803,786823,786829,786833,786859,786881,786887,786889,786901,786911,786931,786937,786941,786949,786959,786971,786979,786983,787021,787043,787051,787057,787067,787069,787079,787091,787097,787099,787123
787133,787139,787153,787181,787187,787207,787211,787217,787223,787231,787243,787261,787277,787279,787289,787301,787309,787331,787333,787337,787351,787357,787361,787399,787403,787411,787427,787429,787433,787439,787447,787469,787477,787481,787483,787489,787499,787513,787517,787519,787529,787537,787541,787547,787573,787583,787601,787609,787621,787637
787639,787649,787667,787687,787691,787697,787711,787747,787751,787757,787769,787771,787777,787783,787789,787793,787799,787807,787811,787817,787823,787837,787849,787879,787883,787903,787907,787909,787921,787939,787973,787981,787993,787999,788009,788023,788027,788033,788041,788071,788077,788083,788087,788089,788093,788107,788119,788129,788131,788149
788153,788159,788167,788173,788189,788201,788209,788213,788231,788261,788267,788287,788309,788317,788321,788323,788351,788353,788357,788363,788369,788377,788383,788387,788393,788399,788413,788419,788429,788441,788449,788453,788467,788479,788497,788503,788521,788527,788531,788533,788537,788549,788551,788561,788563,788569,788573,788603,788621,788651
788659,788677,788687,788699,788701,788719,788743,788759,788761,788779,788789,788813,788819,788839,788849,788863,788867,788869,788873,788891,788897,788903,788927,788933,788941,788947,788959,788971,788993,788999,789001,789017,789029,789031,789037,789067,789071,789077,789091,789097,789101,789109,789121,789133,789137,789143,789149,789161,789169,789181
789221,789227,789233,789251,789281,789301,789311,789319,789323,789331,789343,789359,789367,789377,789389,789391,789407,789419,789421,789427,789443,789457,789473,789491,789493,789499,789511,789527,789533,789557,789571,789577,789587,789589,789611,789623,789631,789653,789661,789671,789673,789683,789689,789707,789709,789713,789721,789731,789739,789749
789779,789791,789793,789809,789823,789827,789829,789847,789851,789857,789869,789883,789917,789941,789959,789961,789967,789977,789979,789991,790003,790019,790021,790033,790037,790043,790051,790057,790063,790081,790087,790093,790099,790121,790129,790151,790157,790169,790171,790189,790199,790201,790213,790217,790219,790241,790247,790249,790253,790261
790271,790277,790289,790291,790327,790331,790333,790351,790367,790369,790379,790393,790397,790403,790417,790421,790429,790451,790459,790463,790477,790481,790501,790513,790519,790523,790529,790547,790567,790583,790589,790597,790607,790613,790631,790633,790637,790639,790649,790651,790679,790693,790697,790703,790709,790733,790739,790747,790753,790781
790793,790817,790819,790831,790843,790861,790871,790877,790879,790883,790897,790921,790927,790957,790961,790967,790969,790973,790991,790997,791003,791009,791017,791029,791047,791053,791059,791081,791093,791099,791111,791117,791137,791159,791173,791191,791201,791209,791221,791227,791233,791251,791257,791261,791267,791279,791281,791291,791309,791311
791317,791321,791347,791363,791377,791383,791387,791411,791419,791429,791431,791443,791447,791459,791473,791489,791491,791509,791519,791533,791543,791561,791563,791569,791573,791599,791611,791627,791629,791641,791657,791663,791677,791699,791701,791731,791773,791779,791783,791789,791797,791801,791803,791827,791849,791851,791887,791891,791897,791899
791909,791927,791929,791933,791951,791953,791969,791971,791981,791983,791993,792023,792031,792037,792041,792049,792061,792067,792073,792089,792101,792107,792109,792119,792131,792151,792163,792179,792221,792223,792227,792229,792241,792247,792257,792263,792277,792283,792293,792299,792301,792307,792313,792317,792347,792349,792359,792371,792377,792383
792397,792413,792427,792437,792443,792461,792479,792481,792487,792499,792521,792527,792529,792551,792553,792559,792563,792581,792593,792601,792611,792613,792629,792637,792641,792643,792647,792667,792679,792689,792691,792697,792703,792709,792713,792719,792731,792751,792767,792769,792793,792797,792809,792821,792823,792839,792871,792881,792893,792907
792917,792919,792929,792941,792959,792973,792983,792989,792991,793043,793057,793069,793087,793097,793099,793103,793123,793129,793139,793157,793159,793171,793181,793187,793189,793207,793229,793253,793267,793279,793297,793301,793327,793333,793337,793343,793349,793379,793381,793399,793433,793439,793447,793453,793483,793487,793489,793493,793511,793517
793519,793531,793537,793547,793553,793561,793579,793591,793601,793603,793607,793621,793627,793633,793669,793673,793691,793697,793699,793703,793711,793717,793721,793733,793739,793757,793769,793777,793787,793789,793813,793841,793843,793853,793861,793867,793889,793901,793907,793921,793927,793931,793939,793957,793967,793979,793981,793999,794009,794011
794023,794033,794039,794041,794063,794071,794077,794083,794089,794093,794111,794113,794117,794119,794137,794141,794149,794153,794161,794173,794177,794179,794191,794201,794203,794207,794221,794231,794237,794239,794249,794267,794303,794327,794329,794341,794363,794377,794383,794389,794399,794407,794413,794429,794449,794467,794471,794473,794477,794483
794491,794509,794531,794533,794537,794543,794551,794557,794569,794579,794587,794593,794603,794609,794611,794641,794653,794657,794659,794669,794693,794701,794711,794741,794743,794749,794779,794791,794813,794831,794839,794863,794873,794879,794881,794887,794921,794923,794929,794953,794957,794993,794999,795001,795007,795023,795029,795061,795071,795077
795079,795083,795097,795101,795103,795121,795127,795139,795149,795161,795163,795187,795191,795203,795211,795217,795233,795239,795247,795251,795253,795269,795299,795307,795313,795323,795329,795337,795341,795343,795349,795391,795427,795439,795449,795461,795467,795479,795493,795503,795517,795521,795527,795533,795539,795551,795581,795589,795601,795607
795637,795643,795647,795649,795653,795659,795661,795667,795679,795703,795709,795713,795727,795737,795761,795763,795791,795793,795797,795799,795803,795811,795827,795829,795841,795871,795877,795911,795913,795917,795931,795937,795941,795943,795947,795953,795979,795983,795997,796001,796009,796031,796057,796063,796067,796091,796121,796139,796141,796151
796153,796171,796177,796181,796189,796193,796207,796217,796247,796249,796259,796267,796291,796303,796307,796337,796339,796361,796363,796373,796379,796387,796391,796409,796447,796451,796457,796459,796487,796493,796517,796519,796529,796531,796541,796547,796553,796561,796567,796571,796577,796583,796591,796619,796633,796657,796673,796687,796693,796699
796709,796711,796723,796751,796759,796769,796771,796777,796781,796787,796799,796801,796811,796813,796819,796823,796837,796847,796849,796853,796867,796871,796877,796889,796903,796921,796931,796933,796937,796951,796963,796967,796969,796981,797003,797009,797021,797023,797029,797033,797039,797051,797053,797057,797063,797077,797101,797119,797131,797141
797143,797161,797171,797191,797201,797207,797213,797219,797231,797273,797281,797287,797309,797311,797333,797339,797353,797359,797371,797383,797389,797399,797417,797429,797473,797497,797507,797509,797513,797519,797527,797539,797549,797551,797557,797561,797567,797569,797579,797581,797591,797593,797603,797611,797627,797633,797647,797651,797681,797689
797701,797711,797729,797743,797747,797749,797767,797773,797789,797813,797833,797843,797851,797869,797873,797887,797891,797897,797911,797917,797933,797947,797957,797959,797977,797987,798011,798023,798043,798059,798067,798071,798073,798079,798089,798097,798101,798103,798121,798131,798139,798143,798151,798173,798179,798181,798191,798197,798199,798221
798223,798227,798251,798257,798263,798271,798289,798293,798313,798319,798331,798367,798373,798379,798383,798397,798403,798409,798443,798451,798461,798481,798487,798493,798503,798509,798517,798521,798527,798533,798569,798593,798599,798613,798617,798619,798641,798647,798649,798667,798691,798697,798701,798713,798727,798737,798739,798751,798757,798773
798781,798799,798823,798829,798851,798857,798871,798887,798899,798907,798911,798913,798923,798929,798937,798943,798947,798961,798991,799003,799021,799031,799033,799061,799063,799067,799091,799093,799103,799129,799133,799147,799151,799171,799193,799217,799219,799223,799259,799261,799291,799301,799303,799307,799313,799321,799333,799339,799343,799361
799363,799367,799369,799417,799427,799441,799451,799453,799471,799481,799483,799489,799507,799523,799529,799537,799543,799553,799567,799573,799609,799613,799619,799621,799633,799637,799639,799651,799657,799661,799679,799693,799703,799709,799723,799727,799739,799741,799751,799753,799759,799789,799793,799801,799807,799811,799817,799837,799853,799859
799873,799891,799921,799949,799961,799979,799991,799993,799999
